<?xml version="1.0" encoding="UTF-8"?>
<CustomField xmlns="http://soap.sforce.com/2006/04/metadata">
    <fullName>Priority__c</fullName>
    <description>&quot;High&quot;</description>
    <externalId>false</externalId>
    <label>Priority</label>
    <required>false</required>
    <trackHistory>false</trackHistory>
    <trackTrending>false</trackTrending>
    <type>Picklist</type>
    <valueSet>
        <restricted>true</restricted>
        <valueSetDefinition>
            <sorted>false</sorted>
            <value>
                <fullName>&quot;High&quot;</fullName>
                <default>false</default>
                <label>&quot;High&quot;</label>
            </value>
            <value>
                <fullName>&quot;Low&quot;</fullName>
                <default>false</default>
                <label>&quot;Low&quot;</label>
            </value>
        </valueSetDefinition>
    </valueSet>
</CustomField>
