<?xml version="1.0" encoding="UTF-8"?>
<CustomField xmlns="http://soap.sforce.com/2006/04/metadata">
    <fullName>Status_field__c</fullName>
    <externalId>false</externalId>
    <label>Status field</label>
    <required>false</required>
    <trackHistory>false</trackHistory>
    <trackTrending>false</trackTrending>
    <type>Picklist</type>
    <valueSet>
        <restricted>true</restricted>
        <valueSetDefinition>
            <sorted>false</sorted>
            <value>
                <fullName>&quot;Approved&quot;</fullName>
                <default>false</default>
                <label>&quot;Approved&quot;</label>
            </value>
            <value>
                <fullName>&quot;Disapproved&quot;</fullName>
                <default>false</default>
                <label>&quot;Disapproved&quot;</label>
            </value>
        </valueSetDefinition>
    </valueSet>
</CustomField>
